,names,writers,originals,samples,names_2,Label
0,001_001_001,1,1,1,001_001_002,0
1,001_001_002,1,1,2,001_001_003,0
2,001_001_003,1,1,3,001_001_004,0
3,001_001_004,1,1,4,001_001_005,0
4,001_001_005,1,1,5,001_001_001,0
5,002_002_001,2,2,1,002_002_002,0
6,002_002_002,2,2,2,002_002_003,0
7,002_002_003,2,2,3,002_002_004,0
8,002_002_004,2,2,4,002_002_005,0
9,002_002_005,2,2,5,002_002_001,0
10,003_003_001,3,3,1,,
11,003_003_002,3,3,2,,
12,003_003_003,3,3,3,,
13,003_003_004,3,3,4,,
14,003_003_005,3,3,5,,
15,004_004_001,4,4,1,,
16,004_004_002,4,4,2,,
17,004_004_003,4,4,3,,
18,004_004_004,4,4,4,,
19,004_004_005,4,4,5,,
20,005_005_001,5,5,1,,
21,005_005_002,5,5,2,,
22,005_005_003,5,5,3,,
23,005_005_004,5,5,4,,
24,005_005_005,5,5,5,,
25,006_006_001,6,6,1,,
26,006_006_002,6,6,2,,
27,006_006_003,6,6,3,,
28,006_006_004,6,6,4,,
29,006_006_005,6,6,5,,
30,007_007_001,7,7,1,,
31,007_007_002,7,7,2,,
32,007_007_003,7,7,3,,
33,007_007_004,7,7,4,,
34,007_007_005,7,7,5,,
35,008_008_001,8,8,1,,
36,008_008_002,8,8,2,,
37,008_008_003,8,8,3,,
38,008_008_004,8,8,4,,
39,008_008_005,8,8,5,,
40,009_009_001,9,9,1,,
41,009_009_002,9,9,2,,
42,009_009_003,9,9,3,,
43,009_009_004,9,9,4,,
44,009_009_005,9,9,5,,
45,010_010_001,10,10,1,,
46,010_010_002,10,10,2,,
47,010_010_003,10,10,3,,
48,010_010_004,10,10,4,,
49,010_010_005,10,10,5,,
50,011_011_001,11,11,1,,
51,011_011_002,11,11,2,,
52,011_011_003,11,11,3,,
53,011_011_004,11,11,4,,
54,011_011_005,11,11,5,,
55,012_012_001,12,12,1,,
56,012_012_002,12,12,2,,
57,012_012_003,12,12,3,,
58,012_012_004,12,12,4,,
59,012_012_005,12,12,5,,
60,021_003_001,21,3,1,,
61,021_003_002,21,3,2,,
62,021_003_003,21,3,3,,
63,021_003_004,21,3,4,,
64,021_003_005,21,3,5,,
65,021_004_001,21,4,1,,
66,021_004_002,21,4,2,,
67,021_004_003,21,4,3,,
68,021_004_004,21,4,4,,
69,021_004_005,21,4,5,,
70,021_005_001,21,5,1,,
71,021_005_002,21,5,2,,
72,021_005_003,21,5,3,,
73,021_005_004,21,5,4,,
74,021_005_005,21,5,5,,
75,021_006_001,21,6,1,,
76,021_006_002,21,6,2,,
77,021_006_003,21,6,3,,
78,021_006_004,21,6,4,,
79,021_006_005,21,6,5,,
80,021_007_001,21,7,1,,
81,021_007_002,21,7,2,,
82,021_007_003,21,7,3,,
83,021_007_004,21,7,4,,
84,021_007_005,21,7,5,,
85,021_008_001,21,8,1,,
86,021_008_002,21,8,2,,
87,021_008_003,21,8,3,,
88,021_008_004,21,8,4,,
89,021_008_005,21,8,5,,
90,021_009_001,21,9,1,,
91,021_009_002,21,9,2,,
92,021_009_003,21,9,3,,
93,021_009_004,21,9,4,,
94,021_009_005,21,9,5,,
95,021_011_001,21,11,1,,
96,021_011_002,21,11,2,,
97,021_011_003,21,11,3,,
98,021_011_004,21,11,4,,
99,021_011_005,21,11,5,,
100,021_012_001,21,12,1,,
101,021_012_002,21,12,2,,
102,021_012_003,21,12,3,,
103,021_012_004,21,12,4,,
104,021_012_005,21,12,5,,
105,022_001_001,22,1,1,001_001_001,1
106,022_001_002,22,1,2,001_001_002,1
107,022_001_003,22,1,3,001_001_003,1
108,022_001_004,22,1,4,001_001_004,1
109,022_001_005,22,1,5,001_001_005,1
110,022_002_001,22,2,1,,
111,022_002_002,22,2,2,,
112,022_002_003,22,2,3,,
113,022_002_004,22,2,4,,
114,022_002_005,22,2,5,,
115,022_003_001,22,3,1,,
116,022_003_002,22,3,2,,
117,022_003_003,22,3,3,,
118,022_003_004,22,3,4,,
119,022_003_005,22,3,5,,
120,022_004_001,22,4,1,,
121,022_004_002,22,4,2,,
122,022_004_003,22,4,3,,
123,022_004_004,22,4,4,,
124,022_004_005,22,4,5,,
125,022_006_001,22,6,1,,
126,022_006_002,22,6,2,,
127,022_006_003,22,6,3,,
128,022_006_004,22,6,4,,
129,022_006_005,22,6,5,,
130,022_007_001,22,7,1,,
131,022_007_002,22,7,2,,
132,022_007_003,22,7,3,,
133,022_007_004,22,7,4,,
134,022_007_005,22,7,5,,
135,022_008_001,22,8,1,,
136,022_008_002,22,8,2,,
137,022_008_003,22,8,3,,
138,022_008_004,22,8,4,,
139,022_008_005,22,8,5,,
140,022_009_001,22,9,1,,
141,022_009_002,22,9,2,,
142,022_009_003,22,9,3,,
143,022_009_004,22,9,4,,
144,022_009_005,22,9,5,,
145,022_010_001,22,10,1,,
146,022_010_002,22,10,2,,
147,022_010_003,22,10,3,,
148,022_010_004,22,10,4,,
149,022_010_005,22,10,5,,
150,022_011_001,22,11,1,,
151,022_011_004,22,11,4,,
152,022_011_005,22,11,5,,
153,022_012_001,22,12,1,,
154,022_012_002,22,12,2,,
155,022_012_003,22,12,3,,
156,022_012_004,22,12,4,,
157,022_012_005,22,12,5,,
158,023_001_001,23,1,1,001_001_001,1
159,023_001_002,23,1,2,001_001_002,1
160,023_001_003,23,1,3,001_001_003,1
161,023_001_004,23,1,4,001_001_004,1
162,023_001_005,23,1,5,001_001_005,1
163,023_002_001,23,2,1,,
164,023_002_002,23,2,2,,
165,023_002_003,23,2,3,,
166,023_002_004,23,2,4,,
167,023_002_005,23,2,5,,
168,023_003_001,23,3,1,,
169,023_003_002,23,3,2,,
170,023_003_003,23,3,3,,
171,023_003_004,23,3,4,,
172,023_003_005,23,3,5,,
173,023_004_001,23,4,1,,
174,023_004_002,23,4,2,,
175,023_004_003,23,4,3,,
176,023_004_004,23,4,4,,
177,023_004_005,23,4,5,,
178,023_005_001,23,5,1,,
179,023_005_002,23,5,2,,
180,023_005_003,23,5,3,,
181,023_005_004,23,5,4,,
182,023_005_005,23,5,5,,
183,023_006_001,23,6,1,,
184,023_006_002,23,6,2,,
185,023_006_003,23,6,3,,
186,023_006_004,23,6,4,,
187,023_006_005,23,6,5,,
188,023_007_001,23,7,1,,
189,023_007_002,23,7,2,,
190,023_007_003,23,7,3,,
191,023_007_004,23,7,4,,
192,023_007_005,23,7,5,,
193,023_008_001,23,8,1,,
194,023_008_002,23,8,2,,
195,023_008_003,23,8,3,,
196,023_008_004,23,8,4,,
197,023_008_005,23,8,5,,
198,023_009_001,23,9,1,,
199,023_009_002,23,9,2,,
200,023_009_003,23,9,3,,
201,023_009_004,23,9,4,,
202,023_009_005,23,9,5,,
203,023_010_001,23,10,1,,
204,023_010_002,23,10,2,,
205,023_010_003,23,10,3,,
206,023_010_004,23,10,4,,
207,023_010_005,23,10,5,,
208,023_011_001,23,11,1,,
209,023_011_002,23,11,2,,
210,023_011_003,23,11,3,,
211,023_011_004,23,11,4,,
212,023_011_005,23,11,5,,
213,023_012_001,23,12,1,,
214,023_012_002,23,12,2,,
215,023_012_003,23,12,3,,
216,023_012_004,23,12,4,,
217,023_012_005,23,12,5,,
218,024_001_001,24,1,1,001_001_001,1
219,024_001_002,24,1,2,001_001_002,1
220,024_001_003,24,1,3,001_001_003,1
221,024_001_004,24,1,4,001_001_004,1
222,024_001_005,24,1,5,001_001_005,1
223,024_002_001,24,2,1,,
224,024_002_002,24,2,2,,
225,024_002_003,24,2,3,,
226,024_002_004,24,2,4,,
227,024_002_005,24,2,5,,
228,024_003_001,24,3,1,,
229,024_003_002,24,3,2,,
230,024_003_003,24,3,3,,
231,024_003_004,24,3,4,,
232,024_003_005,24,3,5,,
233,024_004_001,24,4,1,,
234,024_004_002,24,4,2,,
235,024_004_003,24,4,3,,
236,024_004_004,24,4,4,,
237,024_004_005,24,4,5,,
238,024_005_001,24,5,1,,
239,024_005_002,24,5,2,,
240,024_005_003,24,5,3,,
241,024_005_004,24,5,4,,
242,024_005_005,24,5,5,,
243,024_006_001,24,6,1,,
244,024_006_002,24,6,2,,
245,024_006_003,24,6,3,,
246,024_006_004,24,6,4,,
247,024_006_005,24,6,5,,
248,024_007_001,24,7,1,,
249,024_007_002,24,7,2,,
250,024_007_003,24,7,3,,
251,024_007_004,24,7,4,,
252,024_007_005,24,7,5,,
253,024_008_001,24,8,1,,
254,024_008_002,24,8,2,,
255,024_008_003,24,8,3,,
256,024_008_004,24,8,4,,
257,024_008_005,24,8,5,,
258,024_009_001,24,9,1,,
259,024_009_002,24,9,2,,
260,024_009_003,24,9,3,,
261,024_009_004,24,9,4,,
262,024_009_005,24,9,5,,
263,024_010_001,24,10,1,,
264,024_010_002,24,10,2,,
265,024_010_003,24,10,3,,
266,024_010_004,24,10,4,,
267,024_010_005,24,10,5,,
268,024_011_001,24,11,1,,
269,024_011_002,24,11,2,,
270,024_011_003,24,11,3,,
271,024_011_004,24,11,4,,
272,024_011_005,24,11,5,,
273,024_012_001,24,12,1,,
274,024_012_002,24,12,2,,
275,024_012_003,24,12,3,,
276,024_012_004,24,12,4,,
277,024_012_005,24,12,5,,
278,025_001_001,25,1,1,001_001_001,1
279,025_001_002,25,1,2,001_001_002,1
280,025_001_003,25,1,3,001_001_003,1
281,025_001_004,25,1,4,001_001_004,1
282,025_001_005,25,1,5,001_001_005,1
283,025_002_001,25,2,1,,
284,025_002_002,25,2,2,,
285,025_002_003,25,2,3,,
286,025_002_004,25,2,4,,
287,025_002_005,25,2,5,,
288,025_003_001,25,3,1,,
289,025_003_002,25,3,2,,
290,025_003_003,25,3,3,,
291,025_003_004,25,3,4,,
292,025_003_005,25,3,5,,
293,025_004_001,25,4,1,,
294,025_004_002,25,4,2,,
295,025_004_003,25,4,3,,
296,025_004_004,25,4,4,,
297,025_004_005,25,4,5,,
298,025_005_001,25,5,1,,
299,025_005_002,25,5,2,,
300,025_005_003,25,5,3,,
301,025_005_004,25,5,4,,
302,025_005_005,25,5,5,,
303,025_006_001,25,6,1,,
304,025_006_002,25,6,2,,
305,025_006_003,25,6,3,,
306,025_006_004,25,6,4,,
307,025_006_005,25,6,5,,
308,025_007_001,25,7,1,,
309,025_007_002,25,7,2,,
310,025_007_003,25,7,3,,
311,025_007_004,25,7,4,,
312,025_007_005,25,7,5,,
313,025_008_001,25,8,1,,
314,025_008_002,25,8,2,,
315,025_008_003,25,8,3,,
316,025_008_004,25,8,4,,
317,025_008_005,25,8,5,,
318,025_009_001,25,9,1,,
319,025_009_002,25,9,2,,
320,025_009_003,25,9,3,,
321,025_009_004,25,9,4,,
322,025_009_005,25,9,5,,
323,025_010_001,25,10,1,,
324,025_010_002,25,10,2,,
325,025_010_003,25,10,3,,
326,025_010_004,25,10,4,,
327,025_010_005,25,10,5,,
328,025_011_001,25,11,1,,
329,025_011_002,25,11,2,,
330,025_011_003,25,11,3,,
331,025_011_004,25,11,4,,
332,025_011_005,25,11,5,,
333,025_012_001,25,12,1,,
334,025_012_002,25,12,2,,
335,025_012_003,25,12,3,,
336,025_012_004,25,12,4,,
337,025_012_005,25,12,5,,
338,026_001_001,26,1,1,001_001_001,1
339,026_001_002,26,1,2,001_001_002,1
340,026_001_003,26,1,3,001_001_003,1
341,026_001_004,26,1,4,001_001_004,1
342,026_001_005,26,1,5,001_001_005,1
343,026_002_001,26,2,1,,
344,026_002_002,26,2,2,,
345,026_002_003,26,2,3,,
346,026_002_004,26,2,4,,
347,026_002_005,26,2,5,,
348,026_003_001,26,3,1,,
349,026_003_002,26,3,2,,
350,026_003_003,26,3,3,,
351,026_003_004,26,3,4,,
352,026_003_005,26,3,5,,
353,026_004_001,26,4,1,,
354,026_004_002,26,4,2,,
355,026_004_003,26,4,3,,
356,026_004_004,26,4,4,,
357,026_004_005,26,4,5,,
358,026_005_001,26,5,1,,
359,026_005_002,26,5,2,,
360,026_005_003,26,5,3,,
361,026_005_004,26,5,4,,
362,026_005_005,26,5,5,,
363,026_006_001,26,6,1,,
364,026_006_002,26,6,2,,
365,026_006_003,26,6,3,,
366,026_006_004,26,6,4,,
367,026_006_005,26,6,5,,
368,026_007_001,26,7,1,,
369,026_007_002,26,7,2,,
370,026_007_003,26,7,3,,
371,026_007_004,26,7,4,,
372,026_007_005,26,7,5,,
373,026_008_001,26,8,1,,
374,026_008_002,26,8,2,,
375,026_008_003,26,8,3,,
376,026_008_004,26,8,4,,
377,026_008_005,26,8,5,,
378,026_009_001,26,9,1,,
379,026_009_002,26,9,2,,
380,026_009_003,26,9,3,,
381,026_009_004,26,9,4,,
382,026_009_005,26,9,5,,
383,026_010_001,26,10,1,,
384,026_010_002,26,10,2,,
385,026_010_003,26,10,3,,
386,026_010_004,26,10,4,,
387,026_010_005,26,10,5,,
388,026_011_001,26,11,1,,
389,026_011_002,26,11,2,,
390,026_011_003,26,11,3,,
391,026_011_004,26,11,4,,
392,026_011_005,26,11,5,,
393,026_012_001,26,12,1,,
394,026_012_002,26,12,2,,
395,026_012_003,26,12,3,,
396,026_012_004,26,12,4,,
397,026_012_005,26,12,5,,
398,027_001_001,27,1,1,001_001_001,1
399,027_001_002,27,1,2,001_001_002,1
400,027_001_003,27,1,3,001_001_003,1
401,027_001_004,27,1,4,001_001_004,1
402,027_001_005,27,1,5,001_001_005,1
403,027_002_001,27,2,1,,
404,027_002_002,27,2,2,,
405,027_002_003,27,2,3,,
406,027_002_004,27,2,4,,
407,027_002_005,27,2,5,,
408,027_003_001,27,3,1,,
409,027_003_002,27,3,2,,
410,027_003_003,27,3,3,,
411,027_003_004,27,3,4,,
412,027_003_005,27,3,5,,
413,027_004_001,27,4,1,,
414,027_004_002,27,4,2,,
415,027_004_003,27,4,3,,
416,027_004_004,27,4,4,,
417,027_004_005,27,4,5,,
418,027_005_001,27,5,1,,
419,027_005_002,27,5,2,,
420,027_005_003,27,5,3,,
421,027_005_004,27,5,4,,
422,027_005_005,27,5,5,,
423,027_006_001,27,6,1,,
424,027_006_002,27,6,2,,
425,027_006_003,27,6,3,,
426,027_006_004,27,6,4,,
427,027_006_005,27,6,5,,
428,027_007_001,27,7,1,,
429,027_007_002,27,7,2,,
430,027_007_003,27,7,3,,
431,027_007_004,27,7,4,,
432,027_007_005,27,7,5,,
433,027_008_001,27,8,1,,
434,027_008_002,27,8,2,,
435,027_008_003,27,8,3,,
436,027_008_004,27,8,4,,
437,027_008_005,27,8,5,,
438,027_009_001,27,9,1,,
439,027_009_002,27,9,2,,
440,027_009_003,27,9,3,,
441,027_009_004,27,9,4,,
442,027_009_005,27,9,5,,
443,027_010_001,27,10,1,,
444,027_010_002,27,10,2,,
445,027_010_003,27,10,3,,
446,027_010_004,27,10,4,,
447,027_010_005,27,10,5,,
448,027_011_001,27,11,1,,
449,027_011_002,27,11,2,,
450,027_011_003,27,11,3,,
451,027_011_004,27,11,4,,
452,027_011_005,27,11,5,,
453,027_012_001,27,12,1,,
454,027_012_002,27,12,2,,
455,027_012_003,27,12,3,,
456,027_012_004,27,12,4,,
457,027_012_005,27,12,5,,
458,028_001_001,28,1,1,001_001_001,1
459,028_001_002,28,1,2,001_001_002,1
460,028_001_003,28,1,3,001_001_003,1
461,028_001_004,28,1,4,001_001_004,1
462,028_001_005,28,1,5,001_001_005,1
463,028_002_001,28,2,1,,
464,028_002_002,28,2,2,,
465,028_002_003,28,2,3,,
466,028_002_004,28,2,4,,
467,028_002_005,28,2,5,,
468,028_003_001,28,3,1,,
469,028_003_002,28,3,2,,
470,028_003_003,28,3,3,,
471,028_003_004,28,3,4,,
472,028_003_005,28,3,5,,
473,028_004_001,28,4,1,,
474,028_004_002,28,4,2,,
475,028_004_003,28,4,3,,
476,028_004_004,28,4,4,,
477,028_004_005,28,4,5,,
478,028_005_001,28,5,1,,
479,028_005_002,28,5,2,,
480,028_005_003,28,5,3,,
481,028_005_004,28,5,4,,
482,028_005_005,28,5,5,,
483,028_006_001,28,6,1,,
484,028_006_002,28,6,2,,
485,028_006_003,28,6,3,,
486,028_006_004,28,6,4,,
487,028_006_005,28,6,5,,
488,028_007_001,28,7,1,,
489,028_007_002,28,7,2,,
490,028_007_003,28,7,3,,
491,028_007_004,28,7,4,,
492,028_007_005,28,7,5,,
493,028_008_001,28,8,1,,
494,028_008_002,28,8,2,,
495,028_008_003,28,8,3,,
496,028_008_004,28,8,4,,
497,028_008_005,28,8,5,,
498,028_009_001,28,9,1,,
499,028_009_002,28,9,2,,
500,028_009_003,28,9,3,,
501,028_009_004,28,9,4,,
502,028_009_005,28,9,5,,
503,028_010_001,28,10,1,,
504,028_010_002,28,10,2,,
505,028_010_003,28,10,3,,
506,028_010_004,28,10,4,,
507,028_010_005,28,10,5,,
508,028_011_001,28,11,1,,
509,028_011_002,28,11,2,,
510,028_011_003,28,11,3,,
511,028_011_004,28,11,4,,
512,028_011_005,28,11,5,,
513,028_012_001,28,12,1,,
514,028_012_002,28,12,2,,
515,028_012_003,28,12,3,,
516,028_012_004,28,12,4,,
517,028_012_005,28,12,5,,
518,029_001_001,29,1,1,001_001_001,1
519,029_001_002,29,1,2,001_001_002,1
520,029_001_003,29,1,3,001_001_003,1
521,029_001_004,29,1,4,001_001_004,1
522,029_001_005,29,1,5,001_001_005,1
523,029_002_001,29,2,1,,
524,029_002_002,29,2,2,,
525,029_002_003,29,2,3,,
526,029_002_004,29,2,4,,
527,029_002_005,29,2,5,,
528,029_003_001,29,3,1,,
529,029_003_002,29,3,2,,
530,029_003_003,29,3,3,,
531,029_003_004,29,3,4,,
532,029_003_005,29,3,5,,
533,029_004_001,29,4,1,,
534,029_004_002,29,4,2,,
535,029_004_003,29,4,3,,
536,029_004_004,29,4,4,,
537,029_004_005,29,4,5,,
538,029_005_001,29,5,1,,
539,029_005_002,29,5,2,,
540,029_005_003,29,5,3,,
541,029_005_004,29,5,4,,
542,029_005_005,29,5,5,,
543,029_006_001,29,6,1,,
544,029_006_002,29,6,2,,
545,029_006_003,29,6,3,,
546,029_006_004,29,6,4,,
547,029_006_005,29,6,5,,
548,029_007_001,29,7,1,,
549,029_007_002,29,7,2,,
550,029_007_003,29,7,3,,
551,029_007_004,29,7,4,,
552,029_007_005,29,7,5,,
553,029_008_001,29,8,1,,
554,029_008_002,29,8,2,,
555,029_008_003,29,8,3,,
556,029_008_004,29,8,4,,
557,029_008_005,29,8,5,,
558,029_009_001,29,9,1,,
559,029_009_002,29,9,2,,
560,029_009_003,29,9,3,,
561,029_009_004,29,9,4,,
562,029_009_005,29,9,5,,
563,029_010_001,29,10,1,,
564,029_010_002,29,10,2,,
565,029_010_003,29,10,3,,
566,029_010_004,29,10,4,,
567,029_010_005,29,10,5,,
568,029_011_001,29,11,1,,
569,029_011_002,29,11,2,,
570,029_011_003,29,11,3,,
571,029_011_004,29,11,4,,
572,029_011_005,29,11,5,,
573,029_012_001,29,12,1,,
574,029_012_002,29,12,2,,
575,029_012_003,29,12,3,,
576,029_012_004,29,12,4,,
577,029_012_005,29,12,5,,
578,030_001_001,30,1,1,001_001_001,1
579,030_001_002,30,1,2,001_001_002,1
580,030_001_003,30,1,3,001_001_003,1
581,030_001_004,30,1,4,001_001_004,1
582,030_001_005,30,1,5,001_001_005,1
583,030_002_001,30,2,1,,
584,030_002_002,30,2,2,,
585,030_002_003,30,2,3,,
586,030_002_004,30,2,4,,
587,030_002_005,30,2,5,,
588,030_003_001,30,3,1,,
589,030_003_002,30,3,2,,
590,030_003_003,30,3,3,,
591,030_003_004,30,3,4,,
592,030_003_005,30,3,5,,
593,030_004_001,30,4,1,,
594,030_004_002,30,4,2,,
595,030_004_003,30,4,3,,
596,030_004_004,30,4,4,,
597,030_004_005,30,4,5,,
598,030_005_001,30,5,1,,
599,030_005_002,30,5,2,,
600,030_005_003,30,5,3,,
601,030_005_004,30,5,4,,
602,030_005_005,30,5,5,,
603,030_006_001,30,6,1,,
604,030_006_002,30,6,2,,
605,030_006_003,30,6,3,,
606,030_006_004,30,6,4,,
607,030_006_005,30,6,5,,
608,030_007_001,30,7,1,,
609,030_007_002,30,7,2,,
610,030_007_003,30,7,3,,
611,030_007_004,30,7,4,,
612,030_007_005,30,7,5,,
613,030_008_001,30,8,1,,
614,030_008_002,30,8,2,,
615,030_008_003,30,8,3,,
616,030_008_004,30,8,4,,
617,030_008_005,30,8,5,,
618,030_009_001,30,9,1,,
619,030_009_002,30,9,2,,
620,030_009_003,30,9,3,,
621,030_009_004,30,9,4,,
622,030_009_005,30,9,5,,
623,030_010_001,30,10,1,,
624,030_010_002,30,10,2,,
625,030_010_003,30,10,3,,
626,030_010_004,30,10,4,,
627,030_010_005,30,10,5,,
628,030_011_001,30,11,1,,
629,030_011_002,30,11,2,,
630,030_011_003,30,11,3,,
631,030_011_004,30,11,4,,
632,030_011_005,30,11,5,,
633,030_012_001,30,12,1,,
634,030_012_002,30,12,2,,
635,030_012_003,30,12,3,,
636,030_012_004,30,12,4,,
637,030_012_005,30,12,5,,
638,031_001_001,31,1,1,001_001_001,1
639,031_001_002,31,1,2,001_001_002,1
640,031_001_003,31,1,3,001_001_003,1
641,031_001_004,31,1,4,001_001_004,1
642,031_001_005,31,1,5,001_001_005,1
643,031_002_001,31,2,1,,
644,031_002_002,31,2,2,,
645,031_002_003,31,2,3,,
646,031_002_004,31,2,4,,
647,031_002_005,31,2,5,,
648,031_003_001,31,3,1,,
649,031_003_002,31,3,2,,
650,031_003_003,31,3,3,,
651,031_003_004,31,3,4,,
652,031_003_005,31,3,5,,
653,031_004_001,31,4,1,,
654,031_004_002,31,4,2,,
655,031_004_003,31,4,3,,
656,031_004_004,31,4,4,,
657,031_004_005,31,4,5,,
658,031_005_001,31,5,1,,
659,031_005_002,31,5,2,,
660,031_005_003,31,5,3,,
661,031_005_004,31,5,4,,
662,031_005_005,31,5,5,,
663,031_006_001,31,6,1,,
664,031_006_002,31,6,2,,
665,031_006_003,31,6,3,,
666,031_006_004,31,6,4,,
667,031_006_005,31,6,5,,
668,031_007_001,31,7,1,,
669,031_007_002,31,7,2,,
670,031_007_003,31,7,3,,
671,031_007_004,31,7,4,,
672,031_007_005,31,7,5,,
673,031_008_001,31,8,1,,
674,031_008_002,31,8,2,,
675,031_008_003,31,8,3,,
676,031_008_004,31,8,4,,
677,031_008_005,31,8,5,,
678,031_009_001,31,9,1,,
679,031_009_002,31,9,2,,
680,031_009_003,31,9,3,,
681,031_009_004,31,9,4,,
682,031_009_005,31,9,5,,
683,031_010_001,31,10,1,,
684,031_010_002,31,10,2,,
685,031_010_003,31,10,3,,
686,031_010_004,31,10,4,,
687,031_010_005,31,10,5,,
688,031_011_001,31,11,1,,
689,031_011_002,31,11,2,,
690,031_011_003,31,11,3,,
691,031_011_004,31,11,4,,
692,031_011_005,31,11,5,,
693,031_012_001,31,12,1,,
694,031_012_002,31,12,2,,
695,031_012_003,31,12,3,,
696,031_012_004,31,12,4,,
697,031_012_005,31,12,5,,
698,032_001_001,32,1,1,001_001_001,1
699,032_001_002,32,1,2,001_001_002,1
700,032_001_003,32,1,3,001_001_003,1
701,032_001_004,32,1,4,001_001_004,1
702,032_001_005,32,1,5,001_001_005,1
703,032_002_001,32,2,1,,
704,032_002_002,32,2,2,,
705,032_002_003,32,2,3,,
706,032_002_004,32,2,4,,
707,032_002_005,32,2,5,,
708,032_003_001,32,3,1,,
709,032_003_002,32,3,2,,
710,032_003_003,32,3,3,,
711,032_003_004,32,3,4,,
712,032_003_005,32,3,5,,
713,032_004_001,32,4,1,,
714,032_004_002,32,4,2,,
715,032_004_003,32,4,3,,
716,032_004_004,32,4,4,,
717,032_004_005,32,4,5,,
718,032_005_001,32,5,1,,
719,032_005_002,32,5,2,,
720,032_005_003,32,5,3,,
721,032_005_004,32,5,4,,
722,032_005_005,32,5,5,,
723,032_006_001,32,6,1,,
724,032_006_002,32,6,2,,
725,032_006_003,32,6,3,,
726,032_006_004,32,6,4,,
727,032_006_005,32,6,5,,
728,032_007_001,32,7,1,,
729,032_007_002,32,7,2,,
730,032_007_003,32,7,3,,
731,032_007_004,32,7,4,,
732,032_007_005,32,7,5,,
733,032_008_001,32,8,1,,
734,032_008_002,32,8,2,,
735,032_008_003,32,8,3,,
736,032_008_004,32,8,4,,
737,032_008_005,32,8,5,,
738,032_009_001,32,9,1,,
739,032_009_002,32,9,2,,
740,032_009_003,32,9,3,,
741,032_009_004,32,9,4,,
742,032_009_005,32,9,5,,
743,032_010_001,32,10,1,,
744,032_010_002,32,10,2,,
745,032_010_003,32,10,3,,
746,032_010_004,32,10,4,,
747,032_010_005,32,10,5,,
748,032_011_001,32,11,1,,
749,032_011_002,32,11,2,,
750,032_011_003,32,11,3,,
751,032_011_004,32,11,4,,
752,032_011_005,32,11,5,,
753,032_012_001,32,12,1,,
754,032_012_002,32,12,2,,
755,032_012_003,32,12,3,,
756,032_012_004,32,12,4,,
757,032_012_005,32,12,5,,
758,033_001_001,33,1,1,001_001_001,1
759,033_001_002,33,1,2,001_001_002,1
760,033_001_003,33,1,3,001_001_003,1
761,033_001_004,33,1,4,001_001_004,1
762,033_001_005,33,1,5,001_001_005,1
763,033_002_001,33,2,1,,
764,033_002_002,33,2,2,,
765,033_002_003,33,2,3,,
766,033_002_004,33,2,4,,
767,033_002_005,33,2,5,,
768,033_003_001,33,3,1,,
769,033_003_002,33,3,2,,
770,033_003_003,33,3,3,,
771,033_003_004,33,3,4,,
772,033_003_005,33,3,5,,
773,033_004_001,33,4,1,,
774,033_004_002,33,4,2,,
775,033_004_003,33,4,3,,
776,033_004_004,33,4,4,,
777,033_004_005,33,4,5,,
778,033_005_001,33,5,1,,
779,033_005_002,33,5,2,,
780,033_005_003,33,5,3,,
781,033_005_004,33,5,4,,
782,033_005_005,33,5,5,,
783,033_006_001,33,6,1,,
784,033_006_002,33,6,2,,
785,033_006_003,33,6,3,,
786,033_006_004,33,6,4,,
787,033_006_005,33,6,5,,
788,033_007_001,33,7,1,,
789,033_007_002,33,7,2,,
790,033_007_003,33,7,3,,
791,033_007_004,33,7,4,,
792,033_007_005,33,7,5,,
793,033_008_001,33,8,1,,
794,033_008_002,33,8,2,,
795,033_008_003,33,8,3,,
796,033_008_004,33,8,4,,
797,033_008_005,33,8,5,,
798,033_009_001,33,9,1,,
799,033_009_002,33,9,2,,
800,033_009_003,33,9,3,,
801,033_009_004,33,9,4,,
802,033_009_005,33,9,5,,
803,033_010_001,33,10,1,,
804,033_010_002,33,10,2,,
805,033_010_003,33,10,3,,
806,033_010_004,33,10,4,,
807,033_010_005,33,10,5,,
808,033_011_001,33,11,1,,
809,033_011_002,33,11,2,,
810,033_011_003,33,11,3,,
811,033_011_004,33,11,4,,
812,033_011_005,33,11,5,,
813,033_012_001,33,12,1,,
814,033_012_002,33,12,2,,
815,033_012_003,33,12,3,,
816,033_012_004,33,12,4,,
817,033_012_005,33,12,5,,
818,034_001_001,34,1,1,001_001_003,1
819,034_001_002,34,1,2,001_001_004,1
820,034_001_003,34,1,3,001_001_005,1
821,034_001_004,34,1,4,001_001_001,1
822,034_001_005,34,1,5,001_001_002,1
823,034_002_001,34,2,1,001_001_003,
824,034_002_002,34,2,2,001_001_004,
825,034_002_003,34,2,3,001_001_005,
826,034_002_004,34,2,4,001_001_001,
827,034_002_005,34,2,5,001_001_002,
828,034_003_001,34,3,1,001_001_003,
829,034_003_002,34,3,2,001_001_004,
830,034_003_003,34,3,3,001_001_005,
831,034_003_004,34,3,4,001_001_001,
832,034_003_005,34,3,5,001_001_002,
833,034_004_001,34,4,1,001_001_003,
834,034_004_002,34,4,2,001_001_004,
835,034_004_003,34,4,3,001_001_005,
836,034_004_004,34,4,4,001_001_001,
837,034_004_005,34,4,5,001_001_002,
838,034_005_001,34,5,1,001_001_003,
839,034_005_002,34,5,2,001_001_004,
840,034_005_003,34,5,3,001_001_005,
841,034_005_004,34,5,4,,
842,034_005_005,34,5,5,,
843,034_006_001,34,6,1,,
844,034_006_002,34,6,2,,
845,034_006_003,34,6,3,,
846,034_006_004,34,6,4,,
847,034_006_005,34,6,5,,
848,034_007_001,34,7,1,,
849,034_007_002,34,7,2,,
850,034_007_003,34,7,3,,
851,034_007_004,34,7,4,,
852,034_007_005,34,7,5,,
853,034_008_001,34,8,1,,
854,034_008_002,34,8,2,,
855,034_008_003,34,8,3,,
856,034_008_004,34,8,4,,
857,034_008_005,34,8,5,,
858,034_009_001,34,9,1,,
859,034_009_002,34,9,2,,
860,034_009_003,34,9,3,,
861,034_009_004,34,9,4,,
862,034_009_005,34,9,5,,
863,034_010_001,34,10,1,,
864,034_010_002,34,10,2,,
865,034_010_003,34,10,3,,
866,034_010_004,34,10,4,,
867,034_010_005,34,10,5,,
868,034_011_001,34,11,1,,
869,034_011_002,34,11,2,,
870,034_011_003,34,11,3,,
871,034_011_004,34,11,4,,
872,034_011_005,34,11,5,,
873,034_012_001,34,12,1,,
874,034_012_002,34,12,2,,
875,034_012_003,34,12,3,,
876,034_012_004,34,12,4,,
877,034_012_005,34,12,5,,
878,035_001_001,35,1,1,001_001_003,1
879,035_001_002,35,1,2,001_001_004,1
880,035_001_003,35,1,3,001_001_005,1
881,035_001_004,35,1,4,001_001_001,1
882,035_001_005,35,1,5,001_001_002,1
883,035_002_001,35,2,1,001_001_003,
884,035_002_002,35,2,2,001_001_004,
885,035_002_003,35,2,3,001_001_005,
886,035_002_004,35,2,4,001_001_001,
887,035_002_005,35,2,5,001_001_002,
888,035_003_001,35,3,1,001_001_003,
889,035_003_002,35,3,2,001_001_004,
890,035_003_003,35,3,3,001_001_005,
891,035_003_004,35,3,4,001_001_001,
892,035_003_005,35,3,5,001_001_002,
893,035_004_001,35,4,1,001_001_003,
894,035_004_002,35,4,2,001_001_004,
895,035_004_003,35,4,3,001_001_005,
896,035_004_004,35,4,4,001_001_001,
897,035_004_005,35,4,5,001_001_002,
898,035_005_001,35,5,1,001_001_003,
899,035_005_002,35,5,2,001_001_004,
900,035_005_003,35,5,3,001_001_005,
901,035_005_004,35,5,4,,
902,035_005_005,35,5,5,,
903,035_006_001,35,6,1,,
904,035_006_002,35,6,2,,
905,035_006_003,35,6,3,,
906,035_006_004,35,6,4,,
907,035_006_005,35,6,5,,
908,035_007_001,35,7,1,,
909,035_007_002,35,7,2,,
910,035_007_003,35,7,3,,
911,035_007_004,35,7,4,,
912,035_007_005,35,7,5,,
913,035_008_001,35,8,1,,
914,035_008_002,35,8,2,,
915,035_008_003,35,8,3,,
916,035_008_004,35,8,4,,
917,035_008_005,35,8,5,,
918,035_009_001,35,9,1,,
919,035_009_002,35,9,2,,
920,035_009_003,35,9,3,,
921,035_009_004,35,9,4,,
922,035_009_005,35,9,5,,
923,035_010_001,35,10,1,,
924,035_010_002,35,10,2,,
925,035_010_003,35,10,3,,
926,035_010_004,35,10,4,,
927,035_010_005,35,10,5,,
928,035_011_001,35,11,1,,
929,035_011_002,35,11,2,,
930,035_011_003,35,11,3,,
931,035_011_004,35,11,4,,
932,035_011_005,35,11,5,,
933,035_012_001,35,12,1,,
934,035_012_002,35,12,2,,
935,035_012_003,35,12,3,,
936,035_012_004,35,12,4,,
937,035_012_005,35,12,5,,
938,036_001_001,36,1,1,001_001_003,1
939,036_001_002,36,1,2,001_001_004,1
940,036_001_003,36,1,3,001_001_005,1
941,036_001_004,36,1,4,001_001_001,1
942,036_001_005,36,1,5,001_001_002,1
943,036_002_001,36,2,1,001_001_003,
944,036_002_002,36,2,2,001_001_004,
945,036_002_003,36,2,3,001_001_005,
946,036_002_004,36,2,4,001_001_001,
947,036_002_005,36,2,5,001_001_002,
948,036_003_001,36,3,1,,
949,036_003_002,36,3,2,,
950,036_003_003,36,3,3,,
951,036_003_004,36,3,4,,
952,036_003_005,36,3,5,,
953,036_004_001,36,4,1,,
954,036_004_002,36,4,2,,
955,036_004_003,36,4,3,,
956,036_004_004,36,4,4,,
957,036_004_005,36,4,5,,
958,036_005_001,36,5,1,,
959,036_005_002,36,5,2,,
960,036_005_003,36,5,3,,
961,036_005_004,36,5,4,,
962,036_005_005,36,5,5,,
963,036_006_001,36,6,1,,
964,036_006_002,36,6,2,,
965,036_006_003,36,6,3,,
966,036_006_004,36,6,4,,
967,036_006_005,36,6,5,,
968,036_007_001,36,7,1,,
969,036_007_002,36,7,2,,
970,036_007_003,36,7,3,,
971,036_007_004,36,7,4,,
972,036_007_005,36,7,5,,
973,036_008_001,36,8,1,,
974,036_008_002,36,8,2,,
975,036_008_003,36,8,3,,
976,036_008_004,36,8,4,,
977,036_008_005,36,8,5,,
978,036_009_001,36,9,1,,
979,036_009_002,36,9,2,,
980,036_009_003,36,9,3,,
981,036_009_004,36,9,4,,
982,036_009_005,36,9,5,,
983,036_010_001,36,10,1,,
984,036_010_002,36,10,2,,
985,036_010_003,36,10,3,,
986,036_010_004,36,10,4,,
987,036_010_005,36,10,5,,
988,036_011_001,36,11,1,,
989,036_011_002,36,11,2,,
990,036_011_003,36,11,3,,
991,036_011_004,36,11,4,,
992,036_011_005,36,11,5,,
993,036_012_001,36,12,1,,
994,036_012_002,36,12,2,,
995,036_012_003,36,12,3,,
996,036_012_004,36,12,4,,
997,036_012_005,36,12,5,,
998,037_001_001,37,1,1,001_001_003,1
999,037_001_002,37,1,2,001_001_004,1
1000,037_001_003,37,1,3,001_001_005,1
1001,037_001_004,37,1,4,001_001_001,1
1002,037_001_005,37,1,5,001_001_002,1
1003,037_002_001,37,2,1,001_001_003,
1004,037_002_002,37,2,2,001_001_004,
1005,037_002_003,37,2,3,001_001_005,
1006,037_002_004,37,2,4,001_001_001,
1007,037_002_005,37,2,5,001_001_002,
1008,037_003_001,37,3,1,,
1009,037_003_002,37,3,2,,
1010,037_003_003,37,3,3,,
1011,037_003_004,37,3,4,,
1012,037_003_005,37,3,5,,
1013,037_004_001,37,4,1,,
1014,037_004_002,37,4,2,,
1015,037_004_003,37,4,3,,
1016,037_004_004,37,4,4,,
1017,037_004_005,37,4,5,,
1018,037_005_001,37,5,1,,
1019,037_005_002,37,5,2,,
1020,037_005_003,37,5,3,,
1021,037_005_004,37,5,4,,
1022,037_005_005,37,5,5,,
1023,037_006_001,37,6,1,,
1024,037_006_002,37,6,2,,
1025,037_006_003,37,6,3,,
1026,037_006_004,37,6,4,,
1027,037_006_005,37,6,5,,
1028,037_007_001,37,7,1,,
1029,037_007_002,37,7,2,,
1030,037_007_003,37,7,3,,
1031,037_007_004,37,7,4,,
1032,037_007_005,37,7,5,,
1033,037_008_001,37,8,1,,
1034,037_008_002,37,8,2,,
1035,037_008_003,37,8,3,,
1036,037_008_004,37,8,4,,
1037,037_008_005,37,8,5,,
1038,037_009_001,37,9,1,,
1039,037_009_002,37,9,2,,
1040,037_009_003,37,9,3,,
1041,037_009_004,37,9,4,,
1042,037_009_005,37,9,5,,
1043,037_010_001,37,10,1,,
1044,037_010_002,37,10,2,,
1045,037_010_003,37,10,3,,
1046,037_010_004,37,10,4,,
1047,037_010_005,37,10,5,,
1048,037_011_001,37,11,1,,
1049,037_011_002,37,11,2,,
1050,037_011_003,37,11,3,,
1051,037_011_004,37,11,4,,
1052,037_011_005,37,11,5,,
1053,037_012_001,37,12,1,,
1054,037_012_002,37,12,2,,
1055,037_012_003,37,12,3,,
1056,037_012_004,37,12,4,,
1057,037_012_005,37,12,5,,
1058,038_001_001,38,1,1,001_001_003,1
1059,038_001_002,38,1,2,001_001_004,1
1060,038_001_003,38,1,3,001_001_005,1
1061,038_001_004,38,1,4,001_001_001,1
1062,038_001_005,38,1,5,001_001_002,1
1063,038_002_001,38,2,1,001_001_003,
1064,038_002_002,38,2,2,001_001_004,
1065,038_002_003,38,2,3,001_001_005,
1066,038_002_004,38,2,4,001_001_001,
1067,038_002_005,38,2,5,001_001_002,
1068,038_003_001,38,3,1,,
1069,038_003_002,38,3,2,,
1070,038_003_003,38,3,3,,
1071,038_003_004,38,3,4,,
1072,038_003_005,38,3,5,,
1073,038_004_001,38,4,1,,
1074,038_004_002,38,4,2,,
1075,038_004_003,38,4,3,,
1076,038_004_004,38,4,4,,
1077,038_004_005,38,4,5,,
1078,038_005_001,38,5,1,,
1079,038_005_002,38,5,2,,
1080,038_005_003,38,5,3,,
1081,038_005_004,38,5,4,,
1082,038_005_005,38,5,5,,
1083,038_006_001,38,6,1,,
1084,038_006_002,38,6,2,,
1085,038_006_003,38,6,3,,
1086,038_006_004,38,6,4,,
1087,038_006_005,38,6,5,,
1088,038_007_001,38,7,1,,
1089,038_007_002,38,7,2,,
1090,038_007_003,38,7,3,,
1091,038_007_004,38,7,4,,
1092,038_007_005,38,7,5,,
1093,038_008_001,38,8,1,,
1094,038_008_002,38,8,2,,
1095,038_008_003,38,8,3,,
1096,038_008_004,38,8,4,,
1097,038_008_005,38,8,5,,
1098,038_009_001,38,9,1,,
1099,038_009_002,38,9,2,,
1100,038_009_003,38,9,3,,
1101,038_009_004,38,9,4,,
1102,038_009_005,38,9,5,,
1103,038_010_001,38,10,1,,
1104,038_010_002,38,10,2,,
1105,038_010_003,38,10,3,,
1106,038_010_004,38,10,4,,
1107,038_010_005,38,10,5,,
1108,038_011_001,38,11,1,,
1109,038_011_002,38,11,2,,
1110,038_011_003,38,11,3,,
1111,038_011_004,38,11,4,,
1112,038_011_005,38,11,5,,
1113,038_012_001,38,12,1,,
1114,038_012_002,38,12,2,,
1115,038_012_003,38,12,3,,
1116,038_012_004,38,12,4,,
1117,038_012_005,38,12,5,,
1118,039_001_001,39,1,1,001_001_003,1
1119,039_001_002,39,1,2,001_001_004,1
1120,039_001_003,39,1,3,001_001_005,1
1121,039_001_004,39,1,4,001_001_001,1
1122,039_001_005,39,1,5,001_001_002,1
1123,039_002_001,39,2,1,001_001_003,
1124,039_002_002,39,2,2,001_001_004,
1125,039_002_003,39,2,3,001_001_005,
1126,039_002_004,39,2,4,001_001_001,
1127,039_002_005,39,2,5,001_001_002,
1128,039_003_001,39,3,1,,
1129,039_003_002,39,3,2,,
1130,039_003_003,39,3,3,,
1131,039_003_004,39,3,4,,
1132,039_003_005,39,3,5,,
1133,039_004_001,39,4,1,,
1134,039_004_002,39,4,2,,
1135,039_004_003,39,4,3,,
1136,039_004_004,39,4,4,,
1137,039_004_005,39,4,5,,
1138,039_005_001,39,5,1,,
1139,039_005_002,39,5,2,,
1140,039_005_003,39,5,3,,
1141,039_005_004,39,5,4,,
1142,039_005_005,39,5,5,,
1143,039_006_001,39,6,1,,
1144,039_006_002,39,6,2,,
1145,039_006_003,39,6,3,,
1146,039_006_004,39,6,4,,
1147,039_006_005,39,6,5,,
1148,039_007_001,39,7,1,,
1149,039_007_002,39,7,2,,
1150,039_007_003,39,7,3,,
1151,039_007_004,39,7,4,,
1152,039_007_005,39,7,5,,
1153,039_008_001,39,8,1,,
1154,039_008_002,39,8,2,,
1155,039_008_003,39,8,3,,
1156,039_008_004,39,8,4,,
1157,039_008_005,39,8,5,,
1158,039_009_001,39,9,1,,
1159,039_009_002,39,9,2,,
1160,039_009_003,39,9,3,,
1161,039_009_004,39,9,4,,
1162,039_009_005,39,9,5,,
1163,039_010_001,39,10,1,,
1164,039_010_002,39,10,2,,
1165,039_010_003,39,10,3,,
1166,039_010_004,39,10,4,,
1167,039_010_005,39,10,5,,
1168,039_011_001,39,11,1,,
1169,039_011_002,39,11,2,,
1170,039_011_003,39,11,3,,
1171,039_011_004,39,11,4,,
1172,039_011_005,39,11,5,,
1173,039_012_001,39,12,1,,
1174,039_012_002,39,12,2,,
1175,039_012_003,39,12,3,,
1176,039_012_004,39,12,4,,
1177,039_012_005,39,12,5,,
1178,040_001_001,40,1,1,001_001_003,1
1179,040_001_002,40,1,2,001_001_004,1
1180,040_001_003,40,1,3,001_001_005,1
1181,040_001_004,40,1,4,001_001_001,1
1182,040_001_005,40,1,5,001_001_002,1
1183,040_002_001,40,2,1,001_001_003,
1184,040_002_002,40,2,2,001_001_004,
1185,040_002_003,40,2,3,001_001_005,
1186,040_002_004,40,2,4,001_001_001,
1187,040_002_005,40,2,5,001_001_002,
1188,040_003_001,40,3,1,,
1189,040_003_002,40,3,2,,
1190,040_003_003,40,3,3,,
1191,040_003_004,40,3,4,,
1192,040_003_005,40,3,5,,
1193,040_004_001,40,4,1,,
1194,040_004_002,40,4,2,,
1195,040_004_003,40,4,3,,
1196,040_004_004,40,4,4,,
1197,040_004_005,40,4,5,,
1198,040_005_001,40,5,1,,
1199,040_005_002,40,5,2,,
1200,040_005_003,40,5,3,,
1201,040_005_004,40,5,4,,
1202,040_005_005,40,5,5,,
1203,040_006_001,40,6,1,,
1204,040_006_002,40,6,2,,
1205,040_006_003,40,6,3,,
1206,040_006_004,40,6,4,,
1207,040_006_005,40,6,5,,
1208,040_007_001,40,7,1,,
1209,040_007_002,40,7,2,,
1210,040_007_003,40,7,3,,
1211,040_007_004,40,7,4,,
1212,040_007_005,40,7,5,,
1213,040_008_001,40,8,1,,
1214,040_008_002,40,8,2,,
1215,040_008_003,40,8,3,,
1216,040_008_004,40,8,4,,
1217,040_008_005,40,8,5,,
1218,040_009_001,40,9,1,,
1219,040_009_002,40,9,2,,
1220,040_009_003,40,9,3,,
1221,040_009_004,40,9,4,,
1222,040_009_005,40,9,5,,
1223,040_010_001,40,10,1,,
1224,040_010_002,40,10,2,,
1225,040_010_003,40,10,3,,
1226,040_010_004,40,10,4,,
1227,040_010_005,40,10,5,,
1228,040_011_001,40,11,1,,
1229,040_011_002,40,11,2,,
1230,040_011_003,40,11,3,,
1231,040_011_004,40,11,4,,
1232,040_011_005,40,11,5,,
1233,040_012_001,40,12,1,,
1234,040_012_002,40,12,2,,
1235,040_012_003,40,12,3,,
1236,040_012_004,40,12,4,,
1237,040_012_005,40,12,5,,
1238,041_001_001,41,1,1,001_001_003,1
1239,041_001_002,41,1,2,001_001_004,1
1240,041_001_003,41,1,3,001_001_005,1
1241,041_001_004,41,1,4,001_001_001,1
1242,041_001_005,41,1,5,001_001_002,1
1243,041_002_001,41,2,1,001_001_003,
1244,041_002_002,41,2,2,001_001_004,
1245,041_002_003,41,2,3,001_001_005,
1246,041_002_004,41,2,4,001_001_001,
1247,041_002_005,41,2,5,001_001_002,
1248,041_003_001,41,3,1,,
1249,041_003_002,41,3,2,,
1250,041_003_003,41,3,3,,
1251,041_003_004,41,3,4,,
1252,041_003_005,41,3,5,,
1253,041_004_001,41,4,1,,
1254,041_004_002,41,4,2,,
1255,041_004_003,41,4,3,,
1256,041_004_004,41,4,4,,
1257,041_004_005,41,4,5,,
1258,041_005_001,41,5,1,,
1259,041_005_002,41,5,2,,
1260,041_005_003,41,5,3,,
1261,041_005_004,41,5,4,,
1262,041_005_005,41,5,5,,
1263,041_006_001,41,6,1,,
1264,041_006_002,41,6,2,,
1265,041_006_003,41,6,3,,
1266,041_006_004,41,6,4,,
1267,041_006_005,41,6,5,,
1268,041_007_001,41,7,1,,
1269,041_007_002,41,7,2,,
1270,041_007_003,41,7,3,,
1271,041_007_004,41,7,4,,
1272,041_007_005,41,7,5,,
1273,041_008_001,41,8,1,,
1274,041_008_002,41,8,2,,
1275,041_008_003,41,8,3,,
1276,041_008_004,41,8,4,,
1277,041_008_005,41,8,5,,
1278,041_009_001,41,9,1,,
1279,041_009_002,41,9,2,,
1280,041_009_003,41,9,3,,
1281,041_009_004,41,9,4,,
1282,041_009_005,41,9,5,,
1283,041_010_001,41,10,1,,
1284,041_010_002,41,10,2,,
1285,041_010_003,41,10,3,,
1286,041_010_004,41,10,4,,
1287,041_010_005,41,10,5,,
1288,041_011_001,41,11,1,,
1289,041_011_002,41,11,2,,
1290,041_011_003,41,11,3,,
1291,041_011_004,41,11,4,,
1292,041_011_005,41,11,5,,
1293,041_012_001,41,12,1,,
1294,041_012_002,41,12,2,,
1295,041_012_003,41,12,3,,
1296,041_012_004,41,12,4,,
1297,041_012_005,41,12,5,,
1298,042_001_001,42,1,1,001_001_003,1
1299,042_001_002,42,1,2,001_001_004,1
1300,042_001_003,42,1,3,001_001_005,1
1301,042_001_004,42,1,4,001_001_001,1
1302,042_001_005,42,1,5,001_001_002,1
1303,042_002_001,42,2,1,001_001_003,
1304,042_002_002,42,2,2,001_001_004,
1305,042_002_003,42,2,3,001_001_005,
1306,042_002_004,42,2,4,001_001_001,
1307,042_002_005,42,2,5,001_001_002,
1308,042_003_001,42,3,1,,
1309,042_003_002,42,3,2,,
1310,042_003_003,42,3,3,,
1311,042_003_004,42,3,4,,
1312,042_003_005,42,3,5,,
1313,042_004_001,42,4,1,,
1314,042_004_002,42,4,2,,
1315,042_004_003,42,4,3,,
1316,042_004_004,42,4,4,,
1317,042_004_005,42,4,5,,
1318,042_005_001,42,5,1,,
1319,042_005_002,42,5,2,,
1320,042_005_003,42,5,3,,
1321,042_005_004,42,5,4,,
1322,042_005_005,42,5,5,,
1323,042_006_001,42,6,1,,
1324,042_006_002,42,6,2,,
1325,042_006_003,42,6,3,,
1326,042_006_004,42,6,4,,
1327,042_006_005,42,6,5,,
1328,042_007_001,42,7,1,,
1329,042_007_002,42,7,2,,
1330,042_007_003,42,7,3,,
1331,042_007_004,42,7,4,,
1332,042_007_005,42,7,5,,
1333,042_008_001,42,8,1,,
1334,042_008_002,42,8,2,,
1335,042_008_003,42,8,3,,
1336,042_008_004,42,8,4,,
1337,042_008_005,42,8,5,,
1338,042_009_001,42,9,1,,
1339,042_009_002,42,9,2,,
1340,042_009_003,42,9,3,,
1341,042_009_004,42,9,4,,
1342,042_009_005,42,9,5,,
1343,042_010_001,42,10,1,,
1344,042_010_002,42,10,2,,
1345,042_010_003,42,10,3,,
1346,042_010_004,42,10,4,,
1347,042_010_005,42,10,5,,
1348,042_011_001,42,11,1,,
1349,042_011_002,42,11,2,,
1350,042_011_003,42,11,3,,
1351,042_011_004,42,11,4,,
1352,042_011_005,42,11,5,,
1353,042_012_001,42,12,1,,
1354,042_012_002,42,12,2,,
1355,042_012_003,42,12,3,,
1356,042_012_004,42,12,4,,
1357,042_012_005,42,12,5,,
1358,043_001_001,43,1,1,001_001_003,1
1359,043_001_002,43,1,2,001_001_004,1
1360,043_001_003,43,1,3,001_001_005,1
1361,043_001_004,43,1,4,001_001_001,1
1362,043_001_005,43,1,5,001_001_002,1
1363,043_002_001,43,2,1,001_001_003,
1364,043_002_002,43,2,2,001_001_004,
1365,043_002_003,43,2,3,001_001_005,
1366,043_002_004,43,2,4,001_001_001,
1367,043_002_005,43,2,5,001_001_002,
1368,043_003_001,43,3,1,,
1369,043_003_002,43,3,2,,
1370,043_003_003,43,3,3,,
1371,043_003_004,43,3,4,,
1372,043_003_005,43,3,5,,
1373,043_004_001,43,4,1,,
1374,043_004_002,43,4,2,,
1375,043_004_003,43,4,3,,
1376,043_004_004,43,4,4,,
1377,043_004_005,43,4,5,,
1378,043_005_001,43,5,1,,
1379,043_005_002,43,5,2,,
1380,043_005_003,43,5,3,,
1381,043_005_004,43,5,4,,
1382,043_005_005,43,5,5,,
1383,043_006_001,43,6,1,,
1384,043_006_002,43,6,2,,
1385,043_006_003,43,6,3,,
1386,043_006_004,43,6,4,,
1387,043_006_005,43,6,5,,
1388,043_007_001,43,7,1,,
1389,043_007_002,43,7,2,,
1390,043_007_003,43,7,3,,
1391,043_007_004,43,7,4,,
1392,043_007_005,43,7,5,,
1393,043_008_001,43,8,1,,
1394,043_008_002,43,8,2,,
1395,043_008_003,43,8,3,,
1396,043_008_004,43,8,4,,
1397,043_008_005,43,8,5,,
1398,043_009_001,43,9,1,,
1399,043_009_002,43,9,2,,
1400,043_009_003,43,9,3,,
1401,043_009_004,43,9,4,,
1402,043_009_005,43,9,5,,
1403,043_010_001,43,10,1,,
1404,043_010_002,43,10,2,,
1405,043_010_003,43,10,3,,
1406,043_010_004,43,10,4,,
1407,043_010_005,43,10,5,,
1408,043_011_001,43,11,1,,
1409,043_011_002,43,11,2,,
1410,043_011_003,43,11,3,,
1411,043_011_004,43,11,4,,
1412,043_011_005,43,11,5,,
1413,043_012_001,43,12,1,,
1414,043_012_002,43,12,2,,
1415,043_012_003,43,12,3,,
1416,043_012_004,43,12,4,,
1417,043_012_005,43,12,5,,
1418,044_001_001,44,1,1,001_001_003,1
1419,044_001_002,44,1,2,001_001_004,1
1420,044_001_003,44,1,3,001_001_005,1
1421,044_001_004,44,1,4,001_001_001,1
1422,044_001_005,44,1,5,001_001_002,1
1423,044_002_001,44,2,1,001_001_003,
1424,044_002_002,44,2,2,001_001_004,
1425,044_002_003,44,2,3,001_001_005,
1426,044_002_004,44,2,4,001_001_001,
1427,044_002_005,44,2,5,001_001_002,
1428,044_003_001,44,3,1,,
1429,044_003_002,44,3,2,,
1430,044_003_003,44,3,3,,
1431,044_003_004,44,3,4,,
1432,044_003_005,44,3,5,,
1433,044_004_001,44,4,1,,
1434,044_004_002,44,4,2,,
1435,044_004_003,44,4,3,,
1436,044_004_004,44,4,4,,
1437,044_004_005,44,4,5,,
1438,044_005_001,44,5,1,,
1439,044_005_002,44,5,2,,
1440,044_005_003,44,5,3,,
1441,044_005_004,44,5,4,,
1442,044_005_005,44,5,5,,
1443,044_006_001,44,6,1,,
1444,044_006_002,44,6,2,,
1445,044_006_003,44,6,3,,
1446,044_006_004,44,6,4,,
1447,044_006_005,44,6,5,,
1448,044_007_001,44,7,1,,
1449,044_007_002,44,7,2,,
1450,044_007_003,44,7,3,,
1451,044_007_004,44,7,4,,
1452,044_007_005,44,7,5,,
1453,044_008_001,44,8,1,,
1454,044_008_002,44,8,2,,
1455,044_008_003,44,8,3,,
1456,044_008_004,44,8,4,,
1457,044_008_005,44,8,5,,
1458,044_009_001,44,9,1,,
1459,044_009_002,44,9,2,,
1460,044_009_003,44,9,3,,
1461,044_009_004,44,9,4,,
1462,044_009_005,44,9,5,,
1463,044_010_001,44,10,1,,
1464,044_010_002,44,10,2,,
1465,044_010_003,44,10,3,,
1466,044_010_004,44,10,4,,
1467,044_010_005,44,10,5,,
1468,044_011_001,44,11,1,,
1469,044_011_002,44,11,2,,
1470,044_011_003,44,11,3,,
1471,044_011_004,44,11,4,,
1472,044_011_005,44,11,5,,
1473,044_012_001,44,12,1,,
1474,044_012_002,44,12,2,,
1475,044_012_003,44,12,3,,
1476,044_012_004,44,12,4,,
1477,044_012_005,44,12,5,,
1478,045_001_001,45,1,1,001_001_004,1
1479,045_001_002,45,1,2,001_001_005,1
1480,045_001_003,45,1,3,001_001_001,1
1481,045_001_004,45,1,4,001_001_002,1
1482,045_001_005,45,1,5,001_001_003,1
1483,045_002_001,45,2,1,001_001_004,
1484,045_002_002,45,2,2,001_001_005,
1485,045_002_003,45,2,3,001_001_001,
1486,045_002_004,45,2,4,001_001_002,
1487,045_002_005,45,2,5,001_001_003,
1488,045_003_001,45,3,1,001_001_004,
1489,045_003_002,45,3,2,001_001_005,
1490,045_003_003,45,3,3,001_001_001,
1491,045_003_004,45,3,4,001_001_002,
1492,045_003_005,45,3,5,001_001_003,
1493,045_004_001,45,4,1,001_001_004,
1494,045_004_002,45,4,2,001_001_005,
1495,045_004_003,45,4,3,001_001_001,
1496,045_004_004,45,4,4,001_001_002,
1497,045_004_005,45,4,5,001_001_003,
1498,045_005_001,45,5,1,001_001_004,
1499,045_005_002,45,5,2,001_001_005,
1500,045_005_003,45,5,3,001_001_001,
1501,045_005_004,45,5,4,001_001_002,
1502,045_005_005,45,5,5,001_001_003,
1503,045_006_001,45,6,1,001_001_004,
1504,045_006_002,45,6,2,001_001_005,
1505,045_006_003,45,6,3,001_001_001,
1506,045_006_004,45,6,4,001_001_002,
1507,045_006_005,45,6,5,001_001_003,
1508,045_007_001,45,7,1,001_001_004,
1509,045_007_002,45,7,2,001_001_005,
1510,045_007_003,45,7,3,001_001_001,
1511,045_007_004,45,7,4,001_001_002,
1512,045_007_005,45,7,5,,
1513,045_008_001,45,8,1,,
1514,045_008_002,45,8,2,,
1515,045_008_003,45,8,3,,
1516,045_008_004,45,8,4,,
1517,045_008_005,45,8,5,,
1518,045_009_001,45,9,1,,
1519,045_009_002,45,9,2,,
1520,045_009_003,45,9,3,,
1521,045_009_004,45,9,4,,
1522,045_009_005,45,9,5,,
1523,045_010_001,45,10,1,,
1524,045_010_002,45,10,2,,
1525,045_010_003,45,10,3,,
1526,045_010_004,45,10,4,,
1527,045_010_005,45,10,5,,
1528,045_011_001,45,11,1,,
1529,045_011_002,45,11,2,,
1530,045_011_003,45,11,3,,
1531,045_011_004,45,11,4,,
1532,045_011_005,45,11,5,,
1533,045_012_001,45,12,1,,
1534,045_012_002,45,12,2,,
1535,045_012_003,45,12,3,,
1536,045_012_004,45,12,4,,
1537,045_012_005,45,12,5,,
1538,046_001_001,46,1,1,001_001_004,1
1539,046_001_002,46,1,2,001_001_005,1
1540,046_001_003,46,1,3,001_001_001,1
1541,046_001_004,46,1,4,001_001_002,1
1542,046_001_005,46,1,5,001_001_003,1
1543,046_002_001,46,2,1,001_001_004,
1544,046_002_002,46,2,2,001_001_005,
1545,046_002_003,46,2,3,001_001_001,
1546,046_002_004,46,2,4,001_001_002,
1547,046_002_005,46,2,5,001_001_003,
1548,046_003_001,46,3,1,001_001_004,
1549,046_003_002,46,3,2,001_001_005,
1550,046_003_003,46,3,3,001_001_001,
1551,046_003_004,46,3,4,001_001_002,
1552,046_003_005,46,3,5,001_001_003,
1553,046_004_001,46,4,1,001_001_004,
1554,046_004_002,46,4,2,001_001_005,
1555,046_004_003,46,4,3,001_001_001,
1556,046_004_004,46,4,4,001_001_002,
1557,046_004_005,46,4,5,001_001_003,
1558,046_005_001,46,5,1,001_001_004,
1559,046_005_002,46,5,2,001_001_005,
1560,046_005_003,46,5,3,001_001_001,
1561,046_005_004,46,5,4,001_001_002,
1562,046_005_005,46,5,5,001_001_003,
1563,046_006_001,46,6,1,001_001_004,
1564,046_006_002,46,6,2,001_001_005,
1565,046_006_003,46,6,3,001_001_001,
1566,046_006_004,46,6,4,001_001_002,
1567,046_006_005,46,6,5,001_001_003,
1568,046_007_001,46,7,1,001_001_004,
1569,046_007_002,46,7,2,001_001_005,
1570,046_007_003,46,7,3,001_001_001,
1571,046_007_004,46,7,4,001_001_002,
1572,046_007_005,46,7,5,,
1573,046_008_001,46,8,1,,
1574,046_008_002,46,8,2,,
1575,046_008_003,46,8,3,,
1576,046_008_004,46,8,4,,
1577,046_008_005,46,8,5,,
1578,046_009_001,46,9,1,,
1579,046_009_002,46,9,2,,
1580,046_009_003,46,9,3,,
1581,046_009_004,46,9,4,,
1582,046_009_005,46,9,5,,
1583,046_010_001,46,10,1,,
1584,046_010_002,46,10,2,,
1585,046_010_003,46,10,3,,
1586,046_010_004,46,10,4,,
1587,046_010_005,46,10,5,,
1588,046_011_001,46,11,1,,
1589,046_011_002,46,11,2,,
1590,046_011_003,46,11,3,,
1591,046_011_004,46,11,4,,
1592,046_011_005,46,11,5,,
1593,046_012_001,46,12,1,,
1594,046_012_002,46,12,2,,
1595,046_012_003,46,12,3,,
1596,046_012_004,46,12,4,,
1597,046_012_005,46,12,5,,
1598,047_001_001,47,1,1,001_001_004,1
1599,047_001_002,47,1,2,001_001_005,1
1600,047_001_003,47,1,3,001_001_001,1
1601,047_001_004,47,1,4,001_001_002,1
1602,047_001_005,47,1,5,001_001_003,1
1603,047_002_001,47,2,1,001_001_004,
1604,047_002_002,47,2,2,001_001_005,
1605,047_002_003,47,2,3,001_001_001,
1606,047_002_004,47,2,4,001_001_002,
1607,047_002_005,47,2,5,001_001_003,
1608,047_003_001,47,3,1,001_001_004,
1609,047_003_002,47,3,2,001_001_005,
1610,047_003_003,47,3,3,001_001_001,
1611,047_003_004,47,3,4,001_001_002,
1612,047_003_005,47,3,5,001_001_003,
1613,047_004_001,47,4,1,001_001_004,
1614,047_004_002,47,4,2,001_001_005,
1615,047_004_003,47,4,3,001_001_001,
1616,047_004_004,47,4,4,001_001_002,
1617,047_004_005,47,4,5,001_001_003,
1618,047_005_001,47,5,1,001_001_004,
1619,047_005_002,47,5,2,001_001_005,
1620,047_005_003,47,5,3,001_001_001,
1621,047_005_004,47,5,4,001_001_002,
1622,047_005_005,47,5,5,001_001_003,
1623,047_006_001,47,6,1,001_001_004,
1624,047_006_002,47,6,2,001_001_005,
1625,047_006_003,47,6,3,001_001_001,
1626,047_006_004,47,6,4,001_001_002,
1627,047_006_005,47,6,5,001_001_003,
1628,047_007_001,47,7,1,001_001_004,
1629,047_007_002,47,7,2,001_001_005,
1630,047_007_003,47,7,3,001_001_001,
1631,047_007_004,47,7,4,001_001_002,
1632,047_007_005,47,7,5,,
1633,047_008_001,47,8,1,,
1634,047_008_002,47,8,2,,
1635,047_008_003,47,8,3,,
1636,047_008_004,47,8,4,,
1637,047_008_005,47,8,5,,
1638,047_009_001,47,9,1,,
1639,047_009_002,47,9,2,,
1640,047_009_003,47,9,3,,
1641,047_009_004,47,9,4,,
1642,047_009_005,47,9,5,,
1643,047_010_001,47,10,1,,
1644,047_010_002,47,10,2,,
1645,047_010_003,47,10,3,,
1646,047_010_004,47,10,4,,
1647,047_010_005,47,10,5,,
1648,047_011_001,47,11,1,,
1649,047_011_002,47,11,2,,
1650,047_011_003,47,11,3,,
1651,047_011_004,47,11,4,,
1652,047_011_005,47,11,5,,
1653,047_012_001,47,12,1,,
1654,047_012_002,47,12,2,,
1655,047_012_003,47,12,3,,
1656,047_012_004,47,12,4,,
1657,047_012_005,47,12,5,,
1658,048_001_001,48,1,1,001_001_004,1
1659,048_001_002,48,1,2,001_001_005,1
1660,048_001_003,48,1,3,001_001_001,1
1661,048_001_004,48,1,4,001_001_002,1
1662,048_001_005,48,1,5,001_001_003,1
1663,048_002_001,48,2,1,001_001_004,
1664,048_002_002,48,2,2,001_001_005,
1665,048_002_003,48,2,3,001_001_001,
1666,048_002_004,48,2,4,001_001_002,
1667,048_002_005,48,2,5,001_001_003,
1668,048_003_001,48,3,1,001_001_004,
1669,048_003_002,48,3,2,001_001_005,
1670,048_003_003,48,3,3,001_001_001,
1671,048_003_004,48,3,4,001_001_002,
1672,048_003_005,48,3,5,001_001_003,
1673,048_004_001,48,4,1,001_001_004,
1674,048_004_002,48,4,2,001_001_005,
1675,048_004_003,48,4,3,001_001_001,
1676,048_004_004,48,4,4,001_001_002,
1677,048_004_005,48,4,5,001_001_003,
1678,048_005_001,48,5,1,001_001_004,
1679,048_005_002,48,5,2,001_001_005,
1680,048_005_003,48,5,3,001_001_001,
1681,048_005_004,48,5,4,001_001_002,
1682,048_005_005,48,5,5,001_001_003,
1683,048_006_001,48,6,1,001_001_004,
1684,048_006_002,48,6,2,001_001_005,
1685,048_006_003,48,6,3,001_001_001,
1686,048_006_004,48,6,4,001_001_002,
1687,048_006_005,48,6,5,001_001_003,
1688,048_007_001,48,7,1,001_001_004,
1689,048_007_002,48,7,2,001_001_005,
1690,048_007_003,48,7,3,001_001_001,
1691,048_007_004,48,7,4,001_001_002,
1692,048_007_005,48,7,5,,
1693,048_008_001,48,8,1,,
1694,048_008_002,48,8,2,,
1695,048_008_003,48,8,3,,
1696,048_008_004,48,8,4,,
1697,048_008_005,48,8,5,,
1698,048_009_001,48,9,1,,
1699,048_009_002,48,9,2,,
1700,048_009_003,48,9,3,,
1701,048_009_004,48,9,4,,
1702,048_009_005,48,9,5,,
1703,048_010_001,48,10,1,,
1704,048_010_002,48,10,2,,
1705,048_010_003,48,10,3,,
1706,048_010_004,48,10,4,,
1707,048_010_005,48,10,5,,
1708,048_011_001,48,11,1,,
1709,048_011_002,48,11,2,,
1710,048_011_003,48,11,3,,
1711,048_011_004,48,11,4,,
1712,048_011_005,48,11,5,,
1713,048_012_001,48,12,1,,
1714,048_012_002,48,12,2,,
1715,048_012_003,48,12,3,,
1716,048_012_004,48,12,4,,
1717,048_012_005,48,12,5,,
1718,049_001_001,49,1,1,001_001_004,1
1719,049_001_002,49,1,2,001_001_005,1
1720,049_001_003,49,1,3,001_001_001,1
1721,049_001_004,49,1,4,001_001_002,1
1722,049_001_005,49,1,5,001_001_003,1
1723,049_002_001,49,2,1,001_001_004,
1724,049_002_002,49,2,2,001_001_005,
1725,049_002_003,49,2,3,001_001_001,
1726,049_002_004,49,2,4,001_001_002,
1727,049_002_005,49,2,5,001_001_003,
1728,049_003_001,49,3,1,001_001_004,
1729,049_003_002,49,3,2,001_001_005,
1730,049_003_003,49,3,3,001_001_001,
1731,049_003_004,49,3,4,001_001_002,
1732,049_003_005,49,3,5,001_001_003,
1733,049_004_001,49,4,1,001_001_004,
1734,049_004_002,49,4,2,001_001_005,
1735,049_004_003,49,4,3,001_001_001,
1736,049_004_004,49,4,4,001_001_002,
1737,049_004_005,49,4,5,001_001_003,
1738,049_005_001,49,5,1,001_001_004,
1739,049_005_002,49,5,2,001_001_005,
1740,049_005_003,49,5,3,001_001_001,
1741,049_005_004,49,5,4,001_001_002,
1742,049_005_005,49,5,5,001_001_003,
1743,049_006_001,49,6,1,001_001_004,
1744,049_006_002,49,6,2,001_001_005,
1745,049_006_003,49,6,3,001_001_001,
1746,049_006_004,49,6,4,001_001_002,
1747,049_006_005,49,6,5,001_001_003,
1748,049_007_001,49,7,1,001_001_004,
1749,049_007_002,49,7,2,001_001_005,
1750,049_007_003,49,7,3,001_001_001,
1751,049_007_004,49,7,4,001_001_002,
1752,049_007_005,49,7,5,,
1753,049_008_001,49,8,1,,
1754,049_008_002,49,8,2,,
1755,049_008_003,49,8,3,,
1756,049_008_004,49,8,4,,
1757,049_008_005,49,8,5,,
1758,049_009_001,49,9,1,,
1759,049_009_002,49,9,2,,
1760,049_009_003,49,9,3,,
1761,049_009_004,49,9,4,,
1762,049_009_005,49,9,5,,
1763,049_010_001,49,10,1,,
1764,049_010_002,49,10,2,,
1765,049_010_003,49,10,3,,
1766,049_010_004,49,10,4,,
1767,049_010_005,49,10,5,,
1768,049_011_001,49,11,1,,
1769,049_011_002,49,11,2,,
1770,049_011_003,49,11,3,,
1771,049_011_004,49,11,4,,
1772,049_011_005,49,11,5,,
1773,049_012_001,49,12,1,,
1774,049_012_002,49,12,2,,
1775,049_012_003,49,12,3,,
1776,049_012_004,49,12,4,,
1777,049_012_005,49,12,5,,
1778,050_001_001,50,1,1,001_001_004,1
1779,050_001_002,50,1,2,001_001_005,1
1780,050_001_003,50,1,3,001_001_001,1
1781,050_001_004,50,1,4,001_001_002,1
1782,050_001_005,50,1,5,001_001_003,1
1783,050_002_001,50,2,1,001_001_004,
1784,050_002_002,50,2,2,001_001_005,
1785,050_002_003,50,2,3,001_001_001,
1786,050_002_004,50,2,4,001_001_002,
1787,050_002_005,50,2,5,001_001_003,
1788,050_003_001,50,3,1,001_001_004,
1789,050_003_002,50,3,2,001_001_005,
1790,050_003_003,50,3,3,001_001_001,
1791,050_003_004,50,3,4,001_001_002,
1792,050_003_005,50,3,5,001_001_003,
1793,050_004_001,50,4,1,001_001_004,
1794,050_004_002,50,4,2,001_001_005,
1795,050_004_003,50,4,3,001_001_001,
1796,050_004_004,50,4,4,001_001_002,
1797,050_004_005,50,4,5,001_001_003,
1798,050_005_001,50,5,1,001_001_004,
1799,050_005_002,50,5,2,001_001_005,
1800,050_005_003,50,5,3,001_001_001,
1801,050_005_004,50,5,4,001_001_002,
1802,050_005_005,50,5,5,001_001_003,
1803,050_006_001,50,6,1,001_001_004,
1804,050_006_002,50,6,2,001_001_005,
1805,050_006_003,50,6,3,001_001_001,
1806,050_006_004,50,6,4,001_001_002,
1807,050_006_005,50,6,5,001_001_003,
1808,050_007_001,50,7,1,001_001_004,
1809,050_007_002,50,7,2,001_001_005,
1810,050_007_003,50,7,3,001_001_001,
1811,050_007_004,50,7,4,001_001_002,
1812,050_007_005,50,7,5,,
1813,050_008_001,50,8,1,,
1814,050_008_002,50,8,2,,
1815,050_008_003,50,8,3,,
1816,050_008_004,50,8,4,,
1817,050_008_005,50,8,5,,
1818,050_009_001,50,9,1,,
1819,050_009_002,50,9,2,,
1820,050_009_003,50,9,3,,
1821,050_009_004,50,9,4,,
1822,050_009_005,50,9,5,,
1823,050_010_001,50,10,1,,
1824,050_010_002,50,10,2,,
1825,050_010_003,50,10,3,,
1826,050_010_004,50,10,4,,
1827,050_010_005,50,10,5,,
1828,050_011_001,50,11,1,,
1829,050_011_002,50,11,2,,
1830,050_011_003,50,11,3,,
1831,050_011_004,50,11,4,,
1832,050_011_005,50,11,5,,
1833,050_012_001,50,12,1,,
1834,050_012_002,50,12,2,,
1835,050_012_003,50,12,3,,
1836,050_012_004,50,12,4,,
1837,050_012_005,50,12,5,,
1838,051_001_001,51,1,1,001_001_004,1
1839,051_001_002,51,1,2,001_001_005,1
1840,051_001_003,51,1,3,001_001_001,1
1841,051_001_004,51,1,4,001_001_002,1
1842,051_001_005,51,1,5,001_001_003,1
1843,051_002_001,51,2,1,001_001_004,
1844,051_002_002,51,2,2,001_001_005,
1845,051_002_003,51,2,3,001_001_001,
1846,051_002_004,51,2,4,001_001_002,
1847,051_002_005,51,2,5,001_001_003,
1848,051_003_001,51,3,1,001_001_004,
1849,051_003_002,51,3,2,001_001_005,
1850,051_003_003,51,3,3,001_001_001,
1851,051_003_004,51,3,4,001_001_002,
1852,051_003_005,51,3,5,001_001_003,
1853,051_004_001,51,4,1,001_001_004,
1854,051_004_002,51,4,2,001_001_005,
1855,051_004_003,51,4,3,001_001_001,
1856,051_004_004,51,4,4,001_001_002,
1857,051_004_005,51,4,5,001_001_003,
1858,051_005_001,51,5,1,001_001_004,
1859,051_005_002,51,5,2,001_001_005,
1860,051_005_003,51,5,3,001_001_001,
1861,051_005_004,51,5,4,001_001_002,
1862,051_005_005,51,5,5,001_001_003,
1863,051_006_001,51,6,1,001_001_004,
1864,051_006_002,51,6,2,001_001_005,
1865,051_006_003,51,6,3,001_001_001,
1866,051_006_004,51,6,4,001_001_002,
1867,051_006_005,51,6,5,001_001_003,
1868,051_007_001,51,7,1,001_001_004,
1869,051_007_002,51,7,2,001_001_005,
1870,051_007_003,51,7,3,001_001_001,
1871,051_007_004,51,7,4,001_001_002,
1872,051_007_005,51,7,5,,
1873,051_008_001,51,8,1,,
1874,051_008_002,51,8,2,,
1875,051_008_003,51,8,3,,
1876,051_008_004,51,8,4,,
1877,051_008_005,51,8,5,,
1878,051_009_001,51,9,1,,
1879,051_009_002,51,9,2,,
1880,051_009_003,51,9,3,,
1881,051_009_004,51,9,4,,
1882,051_009_005,51,9,5,,
1883,051_010_001,51,10,1,,
1884,051_010_002,51,10,2,,
1885,051_010_003,51,10,3,,
1886,051_010_004,51,10,4,,
1887,051_010_005,51,10,5,,
1888,051_011_001,51,11,1,,
1889,051_011_002,51,11,2,,
1890,051_011_003,51,11,3,,
1891,051_011_004,51,11,4,,
1892,051_011_005,51,11,5,,
1893,051_012_001,51,12,1,,
1894,051_012_002,51,12,2,,
1895,051_012_003,51,12,3,,
1896,051_012_004,51,12,4,,
1897,051_012_005,51,12,5,,
